Product,ID,Aisle Location,Regular price,Promotional price,Category
Double Zipper Gallon Storage Bags AISLE 16 - 38 ct,1111080253,"AISLE 16, R side, 4.0 shelf",3.59,0.0,Cleaning Products
Double Zipper Gallon Size Freezer Bags AISLE 16 - 28 ct,1111080254,"AISLE 16, R side, 2.0 shelf",3.59,0.0,Cleaning Products
Reclosable Colorful Assorted Square Snack Bags AISLE 16 - 80 ct,1111008210,"AISLE 16, R side, 7.0 shelf",2.59,0.0,Cleaning Products
Quart Slider Freezer Bag AISLE 16 - 30 ct,1111012313,"AISLE 16, R side, 5.0 shelf",3.99,0.0,Cleaning Products
Slider Freezer Storage Gallon Bags AISLE 16 - 25 ct,1111012312,"AISLE 16, R side, 4.0 shelf",3.99,0.0,Cleaning Products
Double Zipper Quart Storage Bags AISLE 16 - 48 ct,1111080258,"AISLE 16, R side, 5.0 shelf",3.59,0.0,Cleaning Products
Double Zipper Quart Freezer Bags AISLE 16 - 38 ct,1111080259,"AISLE 16, R side, 3.0 shelf",3.59,0.0,Cleaning Products
Slider Freezer Storage Gallon Bags AISLE 16 - 30 ct,1111012310,"AISLE 16, R side, 4.0 shelf",3.99,0.0,Cleaning Products
Reclosable Colorful Assorted Sandwich Bags 40 Count AISLE 16 - 40 ct,1111008209,"AISLE 16, R side, 7.0 shelf",1.99,0.0,Cleaning Products
Strawberry Applesauce Cups AISLE 4 - 6 ct / 4 oz,1111089919,"AISLE 4, R side, 2.0 shelf",2.39,1.99,Snacks
Double Zipper Quart Storage Bags AISLE 16 - 24 ct,1111080288,"AISLE 16, R side, 3.0 shelf",2.59,0.0,Cleaning Products
Stand & Fill Quart Slider Storage Bag AISLE 16 - 20 ct,1111012311,"AISLE 16, R side, 3.0 shelf",2.69,0.0,Cleaning Products
Double Zipper Gallon Storage Bags AISLE 16 - 19 ct,1111080269,"AISLE 16, R side, 2.0 shelf",2.59,0.0,Cleaning Products
Unsweetened Applesauce Cups AISLE 4 - 6 ct / 4 oz,1111081922,"AISLE 4, R side, 3.0 shelf",2.39,1.99,Snacks
Slider Gallon Storage Bags AISLE 16 - 15 ct,1111087137,"AISLE 16, R side, 2.0 shelf",2.69,0.0,Cleaning Products
Quart Slider Storage Bags AISLE 16 - 40 ct,1111012309,"AISLE 16, R side, 5.0 shelf",3.99,0.0,Cleaning Products
Unsweetened Applesauce AISLE 4 - 46 oz,1111085025,"AISLE 4, R side, 1.0 shelf",3.39,2.99,Snacks
Twist Tie Gallon Storage Bags AISLE 16 - 75 ct,1111086861,"AISLE 16, R side, 6.0 shelf",4.49,0.0,Cleaning Products
Classic Applesauce Cups AISLE 4 - 6 ct / 4 oz,1111089895,"AISLE 4, R side, 3.0 shelf",2.39,1.99,Snacks
Cinnamon Applesauce Cups AISLE 4 - 6 ct / 4 oz,1111089894,"AISLE 4, R side, 2.0 shelf",2.39,1.99,Snacks
Tropical Fruit Cups in 100% Juice AISLE 4 - 4 ct / 4 oz,1111006396,"AISLE 4, R side, 4.0 shelf",2.59,2.5,Snacks
Cherry Mixed Fruit Cups in 100% Juice AISLE 4 - 4 ct / 4 oz,1111008049,"AISLE 4, R side, 5.0 shelf",2.59,2.5,Snacks
Diced Mango Cups in 100% Juice AISLE 4 - 4 ct / 4 oz,1111006399,"AISLE 4, R side, 4.0 shelf",2.59,2.5,Snacks
Yellow Cling Diced Peach Cups in 100% Juice AISLE 4 - 4 ct / 4 oz,1111008050,"AISLE 4, R side, 4.0 shelf",2.59,2.5,Snacks
Apple Cinnamon & Apple Strawberry Applesauce Variety Pouches AISLE 4 - 12 ct / 3.2 oz,1111088763,"AISLE 4, R side, 5.0 shelf",6.49,0.0,Snacks
Classic Applesauce AISLE 4 - 48 oz,1111089865,"AISLE 4, R side, 1.0 shelf",3.39,2.99,Snacks
Mandarin Orange Cups No Sugar Added AISLE 4 - 4 ct / 4 oz,1111009176,"AISLE 4, R side, 5.0 shelf",2.59,2.5,Snacks
Cinnamon Applesauce AISLE 4 - 48 oz,1111089870,"AISLE 4, R side, 1.0 shelf",3.39,2.99,Snacks
Mandarin Orange Cups in 100% Juice AISLE 4 - 4 ct / 4 oz,1111008052,"AISLE 4, R side, 5.0 shelf",2.59,2.5,Snacks
Yellow Cling Diced Peach Cups No Sugar Added AISLE 4 - 4 ct / 3.8 oz,1111009183,"AISLE 4, R side, 4.0 shelf",2.59,2.5,Snacks
Strawberry + Cinnamon Applesauce Pouches Variety Pack BIG Deal! AISLE 4 - 24 ct / 3.2 oz,1111083555,"AISLE 4, R side, 5.0 shelf",11.99,0.0,Snacks
Classic Applesauce Pouches AISLE 4 - 12 ct / 3.2 oz,1111090140,"AISLE 4, R side, 4.0 shelf",6.49,0.0,Snacks
Apple Cinnamon Applesauce Pouches AISLE 4 - 12 ct / 3.2 oz,1111087727,"AISLE 4, R side, 6.0 shelf",6.49,0.0,Snacks
Pineapple Tidbits Cups in 100% Pineapple Juice AISLE 4 - 4 ct / 4 oz,1111008056,"AISLE 4, R side, 4.0 shelf",2.59,2.5,Snacks
Grapefruit Cups PRODUCE - 7 oz,1111062659,"PRODUCE, L side, 6.0 shelf",1.49,1.0,Snacks
Apple Strawberry Applesauce Pouches AISLE 4 - 12 ct / 3.2 oz,1111087723,"AISLE 4, R side, 6.0 shelf",6.49,0.0,Snacks
Chunky Applesauce AISLE 4 - 23 oz,1111010077,"AISLE 4, R side, 1.0 shelf",2.59,0.0,Snacks
Grapefruit Cups PRODUCE - 7 oz,1111062660,"PRODUCE, L side, 6.0 shelf",1.49,1.0,Snacks
Cherry Mixed Fruit Cups in 100% Juice AISLE 4 - 8 ct / 4 oz,1111010229,"AISLE 4, R side, 5.0 shelf",4.99,0.0,Canned & Packaged
Diced Pear Cups in 100% Juice AISLE 4 - 4 ct / 4 oz,1111008051,"AISLE 4, R side, 4.0 shelf",2.59,2.5,Snacks
Variety Fruit Bowls AISLE 4 - 24 ct / 4 oz,1111013459,"AISLE 4, R side, 6.0 shelf",14.49,0.0,Snacks
Mixed Fruit Cups in 100% Juice AISLE 4 - 4 ct / 4 oz,1111008055,"AISLE 4, R side, 4.0 shelf",2.59,2.5,Snacks
Diced Pear Cups No Sugar Added AISLE 4 - 4 ct / 3.8 oz,1111009177,"AISLE 4, R side, 4.0 shelf",2.59,2.5,Snacks
Mandarin Oranges Fruit Cup PRODUCE - 7 oz,1111062664,"PRODUCE, L side, 6.0 shelf",1.49,1.0,Snacks
Classic Applesauce BIG Deal! AISLE 4 - 24 ct / 3.2 oz,1111083549,"AISLE 4, R side, 4.0 shelf",11.99,0.0,Snacks
Mandarin Orange Cups No Sugar Added AISLE 4 - 8 ct / 4 oz,1111010230,"AISLE 4, R side, 5.0 shelf",4.99,0.0,Canned & Packaged
Mandarin Orange Cups in 100% Juice Big Deal! AISLE 4 - 24 ct / 4 oz,1111008922,"AISLE 4, R side, 6.0 shelf",14.49,0.0,Snacks
Peach Chunks PRODUCE - 7 oz,1111062663,"PRODUCE, L side, 6.0 shelf",1.49,1.0,Snacks
Fruity Gems Fresh Pomegranate Arils PRODUCE - 4 oz,1111004335,"PRODUCE, L side, 6.0 shelf",3.49,0.0,Snacks
Cherry Fruit Medley Fruit Cup PRODUCE - 7 oz,1111062662,"PRODUCE, L side, 6.0 shelf",1.49,1.0,Snacks
Vanilla Ice Cream Snowboard Sandwiches GROCERY - 12 ct,1111009402,"GROCERY, nan side, nan shelf",2.99,2.79,Frozen
Purified Bottled Water AISLE 14 - 40 bottles / 16.9 fl oz,1111009855,"AISLE 14, R side, 1.0 shelf",5.99,0.0,Beverages
Grade A Large White Eggs DAIRY - 18 ct,1111060933,"DAIRY, R side, 1.0 shelf",2.98,2.79,Breakfast
Vitamin D Whole Milk DAIRY - 1 gal,1111040101,"DAIRY, R side, 1.0 shelf",2.69,0.0,Dairy
2% Reduced Fat Milk DAIRY - 1/2 gal,1111041600,"DAIRY, R side, 4.0 shelf",1.8900000000000001,0.0,Dairy
Yellow Cling Diced Peach Cups in 100% Juice Big Deal! AISLE 4 - 24 ct / 4 oz,1111008923,"AISLE 4, R side, 6.0 shelf",14.49,0.0,Snacks
Purified Bottled Water AISLE 14 - 24 bottles / 16.9 fl oz,1111049213,"AISLE 14, R side, 1.0 shelf",3.99,0.0,Beverages
2% Reduced Fat Milk DAIRY - 1 gal,1111041700,"DAIRY, R side, 1.0 shelf",2.69,0.0,Dairy
Vitamin D Whole Milk DAIRY - 1/2 gal,1111040601,"DAIRY, R side, 4.0 shelf",1.8900000000000001,0.0,Dairy
Large White Eggs DAIRY - 12 ct,1111060903,"DAIRY, R side, 1.0 shelf",1.99,0.0,Dairy
Distilled Gallon Bottled Water AISLE 14 - 1 gallon,1111042133,"AISLE 14, R side, 3.0 shelf",1.3900000000000001,0.0,Beverages
White Hamburger Buns BACK WALL - 8 ct / 12 oz,1111011511,"BACK WALL, L side, 4.0 shelf",1.99,1.79,Bakery
Original Pancake Syrup SHELF EXTENDER PROGRAM - 24 fl oz,1111067727,"SHELF EXTENDER PROGRAM, L side, 10.0 shelf",2.49,0.0,Breakfast
Original Sour Cream DAIRY - 16 oz,1111046070,"DAIRY, R side, 2.0 shelf",2.19,0.0,Dairy
Mexican Style Blend Shredded Cheese DAIRY - 8 oz,1111050204,"DAIRY, R side, 3.0 shelf",2.49,2.33,Dairy
Shredded Iceberg Lettuce Bag PRODUCE - 8 oz,1111091613,"PRODUCE, L side, 3.0 shelf",2.29,0.0,Produce
Super Sweet Golden Whole Kernel Corn AISLE 4 - 15.25 oz,1111011370,"AISLE 4, R side, 4.0 shelf",0.89,0.0,Canned & Packaged
White Hot Dog Buns BACK WALL - 8 ct / 11 oz,1111011470,"BACK WALL, L side, 1.0 shelf",1.99,1.79,Bakery
Fresh Grape Tomatoes PRODUCE - 10 oz,1111091686,"PRODUCE, L side, 2.0 shelf",2.49,0.0,Produce
Salted Butter Sticks DAIRY - 16 oz,1111089301,"DAIRY, R side, 1.0 shelf",4.29,0.0,Dairy
Heavy Whipping Cream DAIRY - 1 pt,1111050315,"DAIRY, R side, 3.0 shelf",3.69,0.0,Dairy
Tender Spinach Bag PRODUCE - 10 oz,1111091649,"PRODUCE, L side, 1.0 shelf",2.29,0.0,Produce
Sharp Cheddar Shredded Cheese DAIRY - 8 oz,1111050158,"DAIRY, R side, 3.0 shelf",2.49,2.33,Dairy
Canned Pineapple Chunks in Pineapple Juice GROCERY - 20 oz,1111083141,"GROCERY, R side, 2.0 shelf",1.69,0.0,Canned & Packaged
Unsalted Butter Sticks DAIRY - 16 oz,1111089305,"DAIRY, R side, 1.0 shelf",4.29,0.0,Dairy
100% Apple Juice AISLE 13 - 64 fl oz,1111003962,"AISLE 13, R side, 3.0 shelf",2.69,0.0,Beverages
Classic Garden Salad Bag PRODUCE - 12 oz,1111091036,"PRODUCE, L side, 2.0 shelf",2.29,0.0,Produce
Aluminum Foil AISLE 16 - 75 sq ft,1111089970,"AISLE 16, R side, 5.0 shelf",4.19,3.99,Cleaning Products
Lean Ground Beef Chuck 80/20 MEAT - 1 lb,1111096972,"MEAT, R side, 2.0 shelf",6.49,0.0,Meat & Seafood
Half & Half DAIRY - 32 fl oz,1111013329,"DAIRY, R side, 4.0 shelf",3.29,0.0,Dairy
1% Lowfat Milk DAIRY - 1 gal,1111041660,"DAIRY, R side, 1.0 shelf",2.69,0.0,Dairy
White Bread BACK WALL - 20 oz,1111008485,"BACK WALL, L side, 2.0 shelf",1.99,1.79,Bakery
Mozzarella Shredded Cheese DAIRY - 8 oz,1111050159,"DAIRY, R side, 2.0 shelf",2.49,2.33,Dairy
Pure Vegetable Oil AISLE 6 - 48 fl oz,1111085605,"AISLE 6, L side, 3.0 shelf",3.99,0.0,Baking Goods
Heavy Whipping Cream DAIRY - 1 qt,1111050312,"DAIRY, R side, 3.0 shelf",5.99,0.0,Dairy
Aluminum Foil AISLE 16 - 25 sq ft,1111089964,"AISLE 16, R side, 4.0 shelf",1.99,0.0,Cleaning Products
Lean Ground Beef Chuck Roll MEAT - 3 lb,1111097972,"MEAT, R side, 1.0 shelf",15.99,11.97,Meat & Seafood
Parmesan Shredded Cheese DAIRY - 6 oz,1111050195,"DAIRY, R side, 5.0 shelf",2.49,2.33,Dairy
3 lb. Lean Ground Beef Chuck 80/20 MEAT - 3 lb,1111096970,"MEAT, R side, 2.0 shelf",16.99,0.0,Meat & Seafood
1 lb. Lean Ground Beef Chuck Roll 80/20 MEAT - 1 lb,1111097971,"MEAT, R side, 1.0 shelf",5.49,0.0,Meat & Seafood
Lean Ground Beef Chuck 80/20 Homestyle Hamburger Patties MEAT - 10 ct / 35.2 oz,1111096732,"MEAT, R side, 1.0 shelf",10.0,0.0,Meat & Seafood
American Sliced Cheese Singles DAIRY - 16 slices / 12 oz,1111009434,"DAIRY, R side, 1.0 shelf",2.79,2.5,Dairy
Original Tomato Ketchup SHELF EXTENDER PROGRAM - 24 oz,1111084467,"SHELF EXTENDER PROGRAM, L side, 4.0 shelf",1.3900000000000001,1.25,Condiment & Sauces
4% Milkfat Small Curd Cottage Cheese DAIRY - 24 oz,1111044400,"DAIRY, R side, 1.0 shelf",2.99,0.0,Dairy
Canned Crushed Pineapple in Pineapple Juice GROCERY - 20 oz,1111083129,"GROCERY, L side, 9.0 shelf",1.69,0.0,Canned & Packaged
Half & Half DAIRY - 1 pt,1111050266,"DAIRY, R side, 4.0 shelf",1.99,0.0,Dairy
Honey Wheat Bread BACK WALL - 20 oz,1111008449,"BACK WALL, L side, 4.0 shelf",2.39,1.79,Bakery
Kosher Sandwich Slims Dill Pickles AISLE 5 - 16 fl oz,1111089227,"AISLE 5, L side, 4.0 shelf",2.69,2.49,Canned & Packaged
Soft & Strong Toilet Paper Double Roll AISLE 18 - 12 rolls,1111010491,"AISLE 18, L side, 1.0 shelf",7.99,5.99,Cleaning Products
Extra Large White Eggs DAIRY - 12 ct,1111060904,"DAIRY, R side, 2.0 shelf",2.19,0.0,Dairy
Gallon Water AISLE 14 - 1 gallon,1111042130,"AISLE 14, R side, 3.0 shelf",1.3900000000000001,0.0,Beverages
White Bread BACK WALL - 20 oz,1111008486,"BACK WALL, L side, 4.0 shelf",1.99,1.79,Bakery
Hardwood Smoked Sliced Bacon Packaged Meat - 16 oz,1111097191,"Packaged Meat, R side, 5.0 shelf",5.29,0.0,Meat & Seafood
Brand Super Sweet Corn AISLE 8 - 12 oz,1111084961,"AISLE 8, R side, 3.0 shelf",1.25,0.0,Frozen
Adorbs™ Easy Peel Seedless Mandarin Clementine Oranges in 5lb Bag PRODUCE - 5 lb,1111018233,"PRODUCE, R side, 4.0 shelf",7.99,0.0,Produce
Non-Stick Extra Virgin Olive Oil Cooking Spray SHELF EXTENDER PROGRAM - 5 oz,1111078955,"SHELF EXTENDER PROGRAM, L side, 7.0 shelf",4.79,0.0,Baking Goods
Colby Jack Shredded Cheese DAIRY - 8 oz,1111050174,"DAIRY, R side, 3.0 shelf",2.49,2.33,Dairy
Hamburger Dill Oval Cut Pickle Chips AISLE 5 - 24 fl oz,1111089312,"AISLE 5, L side, 3.0 shelf",2.79,0.0,Canned & Packaged
Fresh Lemons - 2 Pound Bag PRODUCE - 2 lb,1111091188,"PRODUCE, nan side, nan shelf",4.99,3.99,Produce
Original Cream Cheese DAIRY - 8 oz,1111089202,"DAIRY, R side, 2.0 shelf",1.99,0.0,Breakfast
Glimmer™ Select-A-Sheet® Paper Towels Double Rolls AISLE 18 - 2 rolls,1111010621,"AISLE 18, R side, 2.0 shelf",2.49,0.0,Cleaning Products
85% Lean 15% Fat Ground Turkey MEAT - 1 lb,1111096875,"MEAT, R side, 2.0 shelf",4.49,0.0,Meat & Seafood
Mild Cheddar Shredded Cheese DAIRY - 8 oz,1111050170,"DAIRY, R side, 5.0 shelf",2.49,2.33,Dairy
Original Saltines Crackers AISLE 12 - 16 oz,1111009090,"AISLE 12, R side, 1.0 shelf",1.99,0.0,Snacks
Garlic Frozen Texas Toast AISLE 7 - 8 ct / 14 oz,1111082902,"AISLE 7, L side, 4.0 shelf",2.29,0.0,Frozen
Kosher Dill Spear Pickles AISLE 5 - 24 fl oz,1111089236,"AISLE 5, L side, 3.0 shelf",2.79,0.0,Canned & Packaged
Fat Free Skim Milk DAIRY - 1 gal,1111042315,"DAIRY, R side, 1.0 shelf",2.69,0.0,Dairy
Spring Gallon Water AISLE 14 - 1 gallon,1111042139,"AISLE 14, R side, 3.0 shelf",1.3900000000000001,0.0,Beverages
Whole Milk Mozzarella Shredded Cheese DAIRY - 8 oz,1111001798,"DAIRY, R side, 3.0 shelf",2.49,2.33,Dairy
100% Parmesan Grated Cheese AISLE 5 - 8 oz,1111058033,"AISLE 5, R side, 5.0 shelf",3.29,0.0,Dairy
Classic Wavy Potato Chips AISLE 12 - 8 oz,1111008880,"AISLE 12, L side, 3.0 shelf",1.99,0.0,Snacks
Peanut Butter Creamy SHELF EXTENDER PROGRAM - 16 oz,1111001618,"SHELF EXTENDER PROGRAM, L side, 12.0 shelf",2.29,0.0,Condiment & Sauces
Fresh Chicken Drumsticks MEAT - 1 lb,7496096808,"MEAT, L side, 1.0 shelf",5.0,0.0,Meat & Seafood
Whole Kernel Sweet Golden Corn AISLE 4 - 15.25 oz,1111011383,"AISLE 4, R side, 4.0 shelf",0.89,0.0,Canned & Packaged
Original Cream Cheese DAIRY - 2 ct / 8 oz each,1111086132,"DAIRY, R side, 3.0 shelf",3.79,0.0,Breakfast
Mexican Style Blend Shredded Cheese BIG DEAL! DAIRY - 32 oz,1111058913,"DAIRY, R side, 1.0 shelf",7.99,0.0,Dairy
Romaine Blend Salad Bag PRODUCE - 10 oz,1111091038,"PRODUCE, L side, 4.0 shelf",3.49,0.0,Produce
Hass Fresh Avocados Bag PRODUCE - 4 ct,1111018180,"PRODUCE, L side, 4.0 shelf",3.49,0.0,Produce
Canned Pineapple Tidbits in Pineapple Juice GROCERY - 20 oz,1111083155,"GROCERY, nan side, nan shelf",1.69,0.0,Canned & Packaged
Spaghetti Pasta AISLE 5 - 16 oz,1111085004,"AISLE 5, R side, 3.0 shelf",1.33,1.25,"Pasta, Sauces, Grain"
2% Low Fat Small Curd Cottage Cheese DAIRY - 24 oz,1111045045,"DAIRY, R side, 3.0 shelf",2.99,0.0,Dairy
1 lb. Ground Beef Roll 73/27 MEAT - 1 lb,1111097920,"MEAT, R side, 1.0 shelf",4.99,0.0,Meat & Seafood
4% Milkfat Small Curd Cottage Cheese DAIRY - 16 oz,1111044760,"DAIRY, R side, 1.0 shelf",2.19,0.0,Dairy
Traditional Favorites Frozen Green Peas AISLE 8 - 12 oz,1111089736,"AISLE 8, R side, 5.0 shelf",1.25,0.0,Frozen
Reduced Sodium Chicken Broth AISLE 5 - 32 oz,1111004970,"AISLE 5, R side, 5.0 shelf",1.49,0.0,Canned & Packaged
1% Low Fat Chocolate Milk DAIRY - 1/2 gal,1111050574,"DAIRY, R side, 2.0 shelf",2.59,0.0,Dairy
Clamshell Seedless Green Grapes nan - 3 lb,1111061375,"nan, nan side, nan shelf",7.99,0.0,Produce
Colby Jack Sliced Cheese DAIRY - 8 slices / 6 oz,1111058287,"DAIRY, R side, 6.0 shelf",2.69,2.5,Dairy
Soft Wheat Bread BACK WALL - 20 oz,1111008450,"BACK WALL, L side, 5.0 shelf",1.99,1.79,Bakery
Shredded Carrots PRODUCE - 10 oz,1111091650,"PRODUCE, L side, 3.0 shelf",2.19,0.0,Produce
99% Fat Free Chicken Broth AISLE 5 - 32 oz,1111004969,"AISLE 5, R side, 6.0 shelf",1.49,0.0,Canned & Packaged
Original Sour Cream DAIRY - 24 oz,1111046080,"DAIRY, R side, 1.0 shelf",2.99,0.0,Dairy
Seasoned Hash Brown Shredded Potato Patties AISLE 7 - 22.5 oz,1111005158,"AISLE 7, L side, 3.0 shelf",3.69,0.0,Frozen
Boneless Pork Loin Chops MEAT - 10 ct / 2 lb,1111063445,"MEAT, R side, 4.0 shelf",10.0,0.0,Meat & Seafood
Thick Cut Naturally Hardwood Smoked Bacon Packaged Meat - 16 oz,1111097209,"Packaged Meat, R side, 6.0 shelf",5.29,0.0,Meat & Seafood
1% Low Fat Chocolate Milk Jug DAIRY - 1 gal,1111050573,"DAIRY, R side, 1.0 shelf",3.69,0.0,Dairy
Classic Garden Salad Bag PRODUCE - 24 oz,1111091037,"PRODUCE, L side, 1.0 shelf",3.59,0.0,Produce
Petite Carrots Bag PRODUCE - 12 oz,1111091651,"PRODUCE, L side, 4.0 shelf",2.19,0.0,Produce
Meal-Ready Sides Frozen Peas & Carrots AISLE 8 - 12 oz,1111089741,"AISLE 8, R side, 6.0 shelf",1.25,0.0,Frozen
Light Brown Sugar AISLE 6 - 32 oz,1111087662,"AISLE 6, R side, 2.0 shelf",2.59,0.0,Baking Goods
Natural Spring Bottled Water AISLE 14 - 24 bottles / 16.9 fl oz,1111087902,"AISLE 14, R side, 1.0 shelf",4.29,0.0,Beverages
Original Sour Cream DAIRY - 8 oz,1111046235,"DAIRY, R side, 3.0 shelf",1.25,0.0,Dairy
Sliced Black Ripe Olives SHELF EXTENDER PROGRAM - 2.25 oz,1111082224,"SHELF EXTENDER PROGRAM, L side, 13.0 shelf",2.19,0.0,Canned & Packaged
Broccoli Florets BIG Deal! PRODUCE - 32 oz,1111079549,"PRODUCE, L side, 1.0 shelf",6.49,0.0,Produce
Penne Rigate Pasta AISLE 5 - 16 oz,1111085033,"AISLE 5, R side, 6.0 shelf",1.33,1.25,"Pasta, Sauces, Grain"
Classic Potato Chips AISLE 12 - 8 oz,1111008889,"AISLE 12, L side, 3.0 shelf",1.99,0.0,Snacks
Swiss Sliced Cheese DAIRY - 8 slices / 6 oz,1111058719,"DAIRY, R side, 3.0 shelf",2.69,2.5,Dairy
Chicken Caesar Salad Kit For One PRODUCE - 6 oz,1111063064,"PRODUCE, L side, 4.0 shelf",3.99,3.67,Deli
Butter Sticks BIG DEAL! DAIRY - 2 pk / 16 oz,1111010080,"DAIRY, R side, 1.0 shelf",7.49,0.0,Dairy
Mexican Style Blend Shredded Cheese DAIRY - 16 oz,1111058880,"DAIRY, R side, 1.0 shelf",4.29,0.0,Dairy
Medium Cheddar Shredded Cheese DAIRY - 8 oz,1111050339,"DAIRY, R side, 5.0 shelf",2.49,2.33,Dairy
Pepper Jack Sliced Cheese DAIRY - 8 slices / 6 oz,1111058720,"DAIRY, R side, 6.0 shelf",2.69,2.5,Dairy
Coleslaw Mix 16 oz PRODUCE - 16 oz,1111091040,"PRODUCE, L side, 9.0 shelf",2.59,2.0,Produce
1% Lowfat Milk DAIRY - 1/2 gal,1111041661,"DAIRY, R side, 4.0 shelf",1.8900000000000001,0.0,Dairy
Creamy Ranch Salad Dressing SHELF EXTENDER PROGRAM - 16 fl oz,1111066912,"SHELF EXTENDER PROGRAM, L side, 1.0 shelf",2.49,2.39,Condiment & Sauces
Real Bacon Bits AISLE 5 - 3 oz,1111080006,"AISLE 5, L side, 5.0 shelf",2.49,0.0,Condiment & Sauces
Fat Free Skim Milk DAIRY - 1/2 gal,1111042305,"DAIRY, R side, 4.0 shelf",1.8900000000000001,0.0,Dairy
Deluxe Vividly Vanilla Ice Cream Tub AISLE 9 - 48 oz,1111050729,"AISLE 9, R side, 2.0 shelf",2.99,2.79,Frozen
85% Lean Fresh Ground Turkey MEAT - 3 lb,1111097993,"MEAT, R side, 1.0 shelf",10.0,0.0,Meat & Seafood
Cheddar Jack Shredded Cheese DAIRY - 8 oz,1111050183,"DAIRY, R side, 5.0 shelf",2.49,2.33,Dairy
Sweet & Mesquite BBQ Flavored Potato Chips AISLE 12 - 7.75 oz,1111008883,"AISLE 12, L side, 2.0 shelf",1.99,0.0,Snacks
Real Mayo AISLE 5 - 30 fl oz,1111001988,"AISLE 5, L side, 2.0 shelf",3.99,0.0,Condiment & Sauces
Purified Gallon Water AISLE 14 - 1 gallon,1111084557,"AISLE 14, R side, 3.0 shelf",1.5899999999999999,0.0,Beverages
Original Taco Seasoning SHELF EXTENDER PROGRAM - 1.25 oz,1111071503,"SHELF EXTENDER PROGRAM, L side, 1.0 shelf",0.59,0.0,Baking Goods
Dutch Milk Chocolate Hot Cocoa Mix GROCERY - 8 ct,1111004288,"GROCERY, L side, 1.0 shelf",2.99,0.0,Beverages
Distilled White Vinegar AISLE 6 - 1 gal,1111003113,"AISLE 6, R side, 1.0 shelf",3.99,0.0,Baking Goods
Vine Ripe Fresh Tomatoes PRODUCE - 20 oz,1111091688,"PRODUCE, L side, 6.0 shelf",3.29,0.0,Produce
Elbow Macaroni AISLE 5 - 16 oz,1111085021,"AISLE 5, R side, 5.0 shelf",1.33,1.25,"Pasta, Sauces, Grain"
Smoke Flavored Provolone Sliced Cheese DAIRY - 8 slices / 6 oz,1111058716,"DAIRY, R side, 4.0 shelf",2.69,2.5,Dairy
Reduced Fat Mexican Style Shredded Cheese DAIRY - 8 oz,1111050171,"DAIRY, R side, 5.0 shelf",2.49,2.33,Dairy
Original Pulp Free 100% Orange Juice DAIRY - 52 fl oz,1111050658,"DAIRY, R side, 4.0 shelf",4.29,0.0,Beverages
Beef Shaved Steak MEAT - 14 oz,1111034567,"MEAT, R side, 1.0 shelf",6.0,0.0,Meat & Seafood
Tomato Sauce AISLE 4 - 8 oz,1111011970,"AISLE 4, R side, 5.0 shelf",0.69,0.0,Canned & Packaged
Idaho Potatoes PRODUCE - 10 lb,1111091757,"PRODUCE, nan side, nan shelf",5.49,0.0,Produce
Soft Taco Size Flour Tortillas AISLE 4 - 10 ct / 17.5 oz,1111005265,"AISLE 4, L side, 4.0 shelf",2.29,0.0,International
Baker Russet Potatoes PRODUCE - 4 ct,1111018214,"PRODUCE, nan side, nan shelf",3.99,0.0,Produce
Mozzarella Shredded Cheese BIG DEAL! DAIRY - 32 oz,1111059669,"DAIRY, R side, 1.0 shelf",7.99,0.0,Dairy
Ultra Absorbing Power Paper Towels Double Rolls AISLE 18 - 2 rolls,1111010515,"AISLE 18, R side, 2.0 shelf",5.49,0.0,Cleaning Products
Brand Broccoli Florets PRODUCE - 12 oz,1111060319,"PRODUCE, L side, 2.0 shelf",2.99,0.0,Produce
Ultra Absorbing Power Paper Towels Double Rolls AISLE 18 - 6 rolls,1111010514,"AISLE 18, R side, 1.0 shelf",9.99,0.0,Cleaning Products
Lean Fresh Ground Turkey MEAT - 1 lb,1111096874,"MEAT, R side, 2.0 shelf",4.99,0.0,Meat & Seafood
Original White Restaurant Style Tortilla Chips AISLE 12 - 13 oz,1111010996,"AISLE 12, L side, 1.0 shelf",2.29,0.0,Snacks
Singles American Sliced Cheese DAIRY - 24 slices / 16 oz,1111009435,"DAIRY, R side, 1.0 shelf",3.29,0.0,Dairy
Meal-Ready Sides Frozen Mixed Vegetables AISLE 8 - 12 oz,1111084962,"AISLE 8, R side, 3.0 shelf",1.25,0.0,Frozen
Original Breakfast Sausage Links Packaged Meat - 12 oz,1111097293,"Packaged Meat, R side, 1.0 shelf",3.29,0.0,Meat & Seafood
Mild Italian Ground Sausage MEAT - 16 oz,1111097272,"MEAT, R side, 1.0 shelf",5.49,0.0,Meat & Seafood
Colby Jack Block Cheese DAIRY - 8 oz,1111058678,"DAIRY, R side, 3.0 shelf",2.49,2.33,Dairy
Clover Honey Bear SHELF EXTENDER PROGRAM - 12 oz,1111086170,"SHELF EXTENDER PROGRAM, L side, 1.0 shelf",4.99,3.99,Condiment & Sauces
Flour Tortillas Handmade Style Burrito Size AISLE 4 - 8 ct / 20 oz,1111005266,"AISLE 4, L side, 2.0 shelf",2.29,0.0,International
Tater Bites AISLE 7 - 32 oz,1111087577,"AISLE 7, L side, 5.0 shelf",3.99,0.0,Frozen
Italian Style Blend Shredded Cheese DAIRY - 8 oz,1111050205,"DAIRY, R side, 3.0 shelf",2.49,2.33,Dairy
Fully Cooked Hardwood Smoke Flavor Traditional Bacon MEAT - 2.1 oz,1111097205,"MEAT, L side, 6.0 shelf",3.99,3.5,Meat & Seafood
Lactose Free 2% Reduced Fat Milk DAIRY - 1/2 gal,1111082556,"DAIRY, R side, 3.0 shelf",3.79,0.0,Dairy
85/15 Lean Ground Beef MEAT - 1 lb,1111096968,"MEAT, R side, 3.0 shelf",7.49,0.0,Meat & Seafood
Wild Caught Chunk Light Tuna in Water AISLE 4 - 5 oz,1111089084,"AISLE 4, R side, 1.0 shelf",1.0,0.0,Canned & Packaged
Powdered Sugar AISLE 6 - 32 oz,1111087664,"AISLE 6, R side, 3.0 shelf",2.59,0.0,Baking Goods
Medium Cheddar Sliced Cheese DAIRY - 8 slices / 6 oz,1111058718,"DAIRY, R side, 5.0 shelf",2.69,2.5,Dairy
French Vanilla Coffee Creamer DAIRY - 32 fl oz,1111088104,"DAIRY, R side, 2.0 shelf",2.99,0.0,Beverages
Baby Spinach PRODUCE - 6 oz,1111091049,"PRODUCE, L side, 2.0 shelf",3.49,0.0,Produce
Celebration Paper Plates AISLE 18 - 48 ct / 8.5 in,1111086951,"AISLE 18, R side, 4.0 shelf",3.49,0.0,Cleaning Products
Hardwood Smoked Sliced Bacon Packaged Meat - 12 oz,1111060578,"Packaged Meat, R side, 2.0 shelf",4.49,0.0,Meat & Seafood
Pure Canola Oil AISLE 6 - 48 fl oz,1111085634,"AISLE 6, L side, 2.0 shelf",4.49,0.0,Baking Goods
Fruity Freezer Pops GROCERY - 36 ct,1111002915,"GROCERY, L side, 3.0 shelf",3.99,2.99,Frozen
Crinkle Cut French Fries AISLE 7 - 32 oz,1111087508,"AISLE 7, L side, 5.0 shelf",3.69,0.0,Frozen
Cheddar and Sour Cream Ripples Potato Chips AISLE 12 - 7.5 oz,1111008887,"AISLE 12, L side, 1.0 shelf",1.99,0.0,Snacks
French Onion Sour Cream Dip & Spread DAIRY - 16 oz,1111009784,"DAIRY, R side, 5.0 shelf",2.19,0.0,Dairy
Grade A Jumbo White Eggs DAIRY - 12 ct,1111060905,"DAIRY, R side, 2.0 shelf",2.39,0.0,Breakfast
Traditional Pork Sausage Patties Packaged Meat - 12 oz,1111097045,"Packaged Meat, R side, 1.0 shelf",3.29,0.0,Meat & Seafood
Large White Eggs DAIRY - 6 ct,1111060906,"DAIRY, R side, 5.0 shelf",1.49,0.0,Breakfast
Sharp Cheddar Block Cheese DAIRY - 8 oz,1111058627,"DAIRY, R side, 3.0 shelf",2.49,2.33,Dairy
Big K® Cola Soda Bottle AISLE 14 - 2 liter,1111049180,"AISLE 14, L side, 5.0 shelf",1.5,1.25,Beverages
Sliced Pepperoni MEAT - 6 oz,1111099380,"MEAT, L side, 7.0 shelf",2.99,2.79,Meat & Seafood
Tri-Color Coleslaw PRODUCE - 14 oz,1111062869,"PRODUCE, L side, 7.0 shelf",2.29,2.0,Produce
Lightly Salted Wavy Potato Chips AISLE 12 - 7.75 oz,1111008884,"AISLE 12, L side, 3.0 shelf",1.99,0.0,Snacks
Tater Rounds Shredded Potatoes AISLE 7 - 30 oz,1111087586,"AISLE 7, L side, 3.0 shelf",3.99,0.0,Frozen
Mozzarella String Cheese DAIRY - 24 ct / 1 oz,1111058151,"DAIRY, R side, 2.0 shelf",5.79,0.0,Dairy
Clamshell Seedless Red Grapes nan - 3 lb,1111061376,"nan, nan side, nan shelf",7.99,0.0,Produce
Santa Fe Salad Bowl PRODUCE - 6 oz,1111063034,"PRODUCE, L side, 3.0 shelf",3.99,3.67,Produce
Vanilla Ice Cream Snowboard Sandwiches AISLE 9 - 12 ct,1111011827,"AISLE 9, R side, 4.0 shelf",2.99,2.79,Frozen
2% Low Fat Small Curd Cottage Cheese DAIRY - 16 oz,1111045043,"DAIRY, R side, 3.0 shelf",2.19,0.0,Dairy
Chef Salad Kit For One PRODUCE - 6.7 oz,1111063061,"PRODUCE, L side, 3.0 shelf",3.99,3.67,Deli
5 lb. Ground Beef Roll 73/27 MEAT - 5 lb,1111097922,"MEAT, R side, 1.0 shelf",18.99,17.99,Meat & Seafood
Navel Oranges PRODUCE - 8 lb,1111018199,"PRODUCE, nan side, nan shelf",8.99,0.0,Produce
Double Zipper Sandwich Bags AISLE 16 - 90 ct,1111087130,"AISLE 16, R side, 4.0 shelf",2.59,0.0,Cleaning Products
Yellow Mustard AISLE 5 - 8 oz,1111081237,"AISLE 5, L side, 5.0 shelf",0.99,0.0,Condiment & Sauces
Whipping Cream DAIRY - 1 pt,1111050313,"DAIRY, R side, 5.0 shelf",3.59,0.0,Dairy
Garlic Cheese Frozen Texas Toast AISLE 7 - 8 ct / 13 oz,1111088632,"AISLE 7, L side, 2.0 shelf",2.69,0.0,Frozen
Deluxe Cookies N' Cream Ice Cream Tub AISLE 9 - 48 oz,1111050719,"AISLE 9, R side, 3.0 shelf",2.99,2.79,Frozen
Black Beans AISLE 4 - 15.5 oz,1111010647,"AISLE 4, R side, 4.0 shelf",0.89,0.0,Canned & Packaged
Traditional Favorites Frozen Cut Green Beans AISLE 8 - 12 oz,1111089730,"AISLE 8, R side, 4.0 shelf",1.25,0.0,Frozen
Whole Garlic Bulbs PRODUCE - 5 ct,1111002824,"PRODUCE, nan side, nan shelf",1.99,0.0,Produce
Tomato Paste AISLE 4 - 6 oz,1111011971,"AISLE 4, R side, 6.0 shelf",0.99,0.0,Canned & Packaged
4% Milkfat Large Curd Cottage Cheese DAIRY - 24 oz,1111044500,"DAIRY, R side, 2.0 shelf",2.99,0.0,Dairy
Purified Mini Bottled Water AISLE 14 - 24 bottles / 8 fl oz,1111085808,"AISLE 14, R side, 4.0 shelf",4.29,3.5,Beverages
Mild Pork Sausage Roll Packaged Meat - 16 oz,1111097298,"Packaged Meat, R side, 5.0 shelf",3.19,0.0,Meat & Seafood
Heavy Duty Aluminum Foil AISLE 16 - 50 sq ft,1111089998,"AISLE 16, R side, 2.0 shelf",4.19,3.99,Cleaning Products
Fruity Mighty Ice Pops GROCERY - 20 ct,1111010270,"GROCERY, nan side, nan shelf",2.99,0.0,Frozen
Sweetened Condensed Milk AISLE 6 - 14 oz,1111088310,"AISLE 6, L side, 3.0 shelf",2.49,0.0,Baking Goods
Large White Eggs DAIRY - 60 ct,1111060914,"DAIRY, R side, 2.0 shelf",9.89,0.0,Dairy
Facial Tissue AISLE 18 - 160 ct,1111012823,"AISLE 18, L side, 3.0 shelf",1.79,1.25,Cleaning Products
Honey Lemon Flavor Cough Drops DRUG/GM - 30 ct,4126036431,"DRUG/GM, nan side, nan shelf",1.5899999999999999,0.0,Health
Classic Wavy Potato Chips Family Size AISLE 12 - 13 oz,1111008893,"AISLE 12, L side, 6.0 shelf",3.19,2.99,Snacks
Deluxe Artisan Vanilla Bean Ice Cream Tub AISLE 9 - 48 oz,1111050701,"AISLE 9, R side, 3.0 shelf",2.99,2.79,Frozen
1000 Sheets per Roll Toilet Paper AISLE 18 - 4 rolls,1111012016,"AISLE 18, L side, 2.0 shelf",3.49,2.99,Cleaning Products
Evaporated Milk AISLE 6 - 12 fl oz,1111088301,"AISLE 6, L side, 4.0 shelf",1.3900000000000001,0.0,Baking Goods
Recipe Beginnings Frozen 3 Pepper & Onion Blend AISLE 8 - 12 oz,1111089786,"AISLE 8, R side, 6.0 shelf",1.79,0.0,Frozen
Nacho & Taco Blend Shredded Cheese DAIRY - 8 oz,1111050176,"DAIRY, R side, 6.0 shelf",2.49,2.33,Dairy
Whole Sweet Gherkins Pickles AISLE 5 - 16 fl oz,1111089442,"AISLE 5, L side, 4.0 shelf",3.29,2.49,Canned & Packaged
Vanilla Caramel Coffee Creamer DAIRY - 32 fl oz,1111088111,"DAIRY, R side, 1.0 shelf",2.99,0.0,Beverages
Zesty Hot Dill Zingers AISLE 5 - 24 fl oz,1111089279,"AISLE 5, L side, 3.0 shelf",2.79,0.0,Canned & Packaged
